<?xml version="1.0" encoding="UTF-8"?>
<Countries><Country><0>id </0><1>name                </1><2>birth rate per 1000</2><3>cell phones per 100</3><4>children per woman</4><5>electricity consumption per capita</5><6>gdp_per_capita</6><7>gdp_per_capita_growth</7><8>inflation annual</8><9>internet user per 100</9><10>life expectancy</10><11>military expenditure percent of gdp</11><12>gps_lat      </12><13>gps_long</13></Country><Country><0>001</0><1>Brazil              </1><2>16.405             </2><3>90.01936334        </3><4>1.862             </4><5>2201.808724                       </5><6>4424.758692   </6><7>-1.520402823         </7><8>8.228535058     </8><9>39.22                </9><10>74             </10><11>1.615173655                        </11><12>-14.235004000</12><13>-51.925280000</13></Country><Country><0>002</0><1>Canada              </1><2>10.625             </2><3>70.70997244        </3><4>1.668             </4><5>15119.76414                       </5><6>25069.86915   </6><7>-3.953353186         </7><8>2.944408564     </8><9>80.17086651          </9><10>80.9           </10><11>1.415710422                        </11><12>56.130366000 </12><13>-106.346771000</13></Country><Country><0>003</0><1>Chile               </1><2>15.04              </2><3>97.01862561        </3><4>1.873             </4><5>3276.06449                        </5><6>6451.631126   </6><7>-2.610485847         </7><8>7.47050527      </8><9>38.8                 </9><10>78.8           </10><11>3.064076139                        </11><12>-35.675147000</12><13>71.542969000</13></Country><Country><0>004</0><1>China               </1><2>13.536             </2><3>55.97490921        </3><4>1.642             </4><5>2632.724637                       </5><6>2208.403948   </6><7>8.648414427          </7><8>6.684109668     </8><9>28.97659939          </9><10>75.6           </10><11>2.24110794                         </11><12>35.86166000  </12><13>104.19539700</13></Country><Country><0>005</0><1>Colombia            </1><2>20.605             </2><3>92.34584564        </3><4>2.405             </4><5>1041.994137                       </5><6>3137.695335   </6><7>0.2081538559         </7><8>3.666941163     </8><9>30                   </9><10>75.3           </10><11>3.833780372                        </11><12>4.570868000  </12><13>-74.297333000</13></Country><Country><0>006</0><1>Ecuador             </1><2>20.989             </2><3>92.84925653        </3><4>2.69              </4><5>1078.038961                       </5><6>1692.067197   </6><7>-1.079538461         </7><8>7.595866872     </8><9>24.6                 </9><10>74.1           </10><11>3.746501879                        </11><12>-1.831239000 </12><13>-78.183406000</13></Country><Country><0>007</0><1>Egypt               </1><2>24.83              </2><3>69.43661504        </3><4>2.919             </4><5>1607.918763                       </5><6>1911.964501   </6><7>2.856917581          </7><8>10.10750976     </8><9>24.28                </9><10>70.2           </10><11>2.137305699                        </11><12>26.820553000 </12><13>30.802498000</13></Country><Country><0>008</0><1>Finland             </1><2>11.127             </2><3>144.1530224        </3><4>1.86              </4><5>15241.61194                       </5><6>26205.68832   </6><7>-8.791558776         </7><8>0.4277308694    </8><9>82.53133098          </9><10>79.7           </10><11>1.501872268                        </11><12>61.924110000 </12><13>25.748151000</13></Country><Country><0>009</0><1>France              </1><2>12.21              </2><3>95.44434226        </3><4>1.978             </4><5>7339.946832                       </5><6>22508.76261   </6><7>-3.264056248         </7><8>1.050366124     </8><9>69.0633593           </9><10>81             </10><11>2.55313249                         </11><12>46.22763800  </12><13>2.21374900</13></Country><Country><0>010</0><1>Germany             </1><2>8.136              </2><3>127.4188883        </3><4>1.376             </4><5>6753.05764                        </5><6>24368.19561   </6><7>-4.886323581         </7><8>0.5959234322    </8><9>79.48523153          </9><10>80             </10><11>1.438871341                        </11><12>51.165691000 </12><13>10.451526000</13></Country><Country><0>011</0><1>Iceland             </1><2>14.738             </2><3>107.6604456        </3><4>2.123             </4><5>51259.18763                       </5><6>35310.97441   </6><7>-6.990418561         </7><8>6.900703626     </8><9>92.13686385          </9><10>82.2           </10><11>0.0820538039                       </11><12>64.9630510000</12><13>-19.0208350000</13></Country><Country><0>012</0><1>Iraq                </1><2>31.585             </2><3>65.47478839        </3><4>4.276             </4><5>1086.323768                       </5><6>752.1833548   </6><7>1.141874289          </7><8>25.22442136     </8><9>1.047516616          </9><10>68.1           </10><11>4.621383386                        </11><12>33.223191000 </12><13>43.679291000</13></Country><Country><0>013</0><1>Japan               </1><2>8.201              </2><3>91.8955442         </3><4>1.359             </4><5>7838.005685                       </5><6>38242.02429   </6><7>-6.180260885         </7><8>-2.08543109     </8><9>77.38468963          </9><10>82.8           </10><11>1.019445017                        </11><12>36.204824000 </12><13>138.252924000</13></Country><Country><0>014</0><1>Kazakhstan          </1><2>19.775             </2><3>107.7147692        </3><4>2.537             </4><5>4447.142293                       </5><6>2345.86415    </6><7>-1.437812068         </7><8>19.5422854      </8><9>17.91457965          </9><10>66.6           </10><11>1.105385125                        </11><12>48.019573000 </12><13>66.923684000</13></Country><Country><0>015</0><1>Mexico              </1><2>19.091             </2><3>74.25785259        </3><4>2.313             </4><5>1869.82352                        </5><6>5875.619997   </6><7>-7.417438847         </7><8>4.033645258     </8><9>26.34                </9><10>75.5           </10><11>0.5396656609                       </11><12>23.6345010000</12><13>-102.5527840000</13></Country><Country><0>016</0><1>New Zealand         </1><2>13.831             </2><3>108.7301521        </3><4>2.125             </4><5>9375.550304                       </5><6>14778.16393   </6><7>-1.552308788         </7><8>3.486782259     </8><9>79.82609287          </9><10>80.3           </10><11>1.140562366                        </11><12>-40.900557000</12><13>174.885971000</13></Country><Country><0>017</0><1>Nigeria             </1><2>40.134             </2><3>48.23561006        </3><4>6.021             </4><5>119.8151486                       </5><6>513.5003377   </6><7>4.3526073            </7><8>9.313146383     </8><9>20                   </9><10>58.5           </10><11>0.8924302789                       </11><12>9.0819990000 </12><13>8.6752770000</13></Country><Country><0>018</0><1>Peru                </1><2>21.342             </2><3>85.86901405        </3><4>2.545             </4><5>1043.052601                       </5><6>2955.186222   </6><7>-0.2228977721        </7><8>4.49134447      </8><9>31.4                 </9><10>76.7           </10><11>1.348875763                        </11><12>-9.189967000 </12><13>-75.015152000</13></Country><Country><0>019</0><1>Russia              </1><2>10.828             </2><3>161.1162887        </3><4>1.537             </4><5>6132.978648                       </5><6>2806.41483    </6><7>-7.749103694         </7><8>11.60398093     </8><9>29.23584146          </9><10>68.3           </10><11>4.36259042                         </11><12>61.52401000  </12><13>105.31875600</13></Country><Country><0>020</0><1>Saudi Arabia        </1><2>23.569             </2><3>167.3474553        </3><4>2.898             </4><5>7430.743897                       </5><6>9294.355996   </6><7>-2.242127204         </7><8>14.36222827     </8><9>38                   </9><10>77.6           </10><11>10.95653405                        </11><12>23.88594200  </12><13>45.07916200</13></Country><Country><0>021</0><1>South Africa        </1><2>22.113             </2><3>93.33587369        </3><4>2.5               </4><5>4532.021902                       </5><6>3697.67368    </6><7>-2.732989408         </7><8>7.861608575     </8><9>10.08745979          </9><10>55.8           </10><11>1.394530379                        </11><12>-30.559482000</12><13>22.937506000</13></Country><Country><0>022</0><1>Sweden              </1><2>11.72              </2><3>112.1241184        </3><4>1.937             </4><5>14143.01101                       </5><6>30885.45914   </6><7>-5.976535294         </7><8>1.022227082     </8><9>91.12326108          </9><10>81.2           </10><11>1.247701873                        </11><12>60.128161000 </12><13>18.643501000</13></Country><Country><0>023</0><1>United Arab Emirates</1><2>14.027             </2><3>153.7997194        </3><4>1.903             </4><5>9998.291079                       </5><6>22507.00157   </6><7>-11.99171952         </7><8>8.549032358     </8><9>64                   </9><10>76.1           </10><11>5.834881976                        </11><12>23.424076000 </12><13>53.847818000</13></Country><Country><0>024</0><1>United Kingdom      </1><2>12.195             </2><3>130.1742603        </3><4>1.89              </4><5>5685.635995                       </5><6>27933.77767   </6><7>-5.019251823         </7><8>2.861406642     </8><9>77.79971962          </9><10>79.7           </10><11>2.667209048                        </11><12>52.355517700 </12><13>-1.174319700</13></Country><Country><0>025</0><1>United States       </1><2>14.191             </2><3>89.14911634        </3><4>2.002             </4><5>12913.71143                       </5><6>36539.22823   </6><7>-4.342271218         </7><8>1.152326348     </8><9>71.21181627          </9><10>78.3           </10><11>4.822730027                        </11><12>37.090240000 </12><13>-95.712891000</13></Country></Countries>
